pred_id	pred_col	boolean	alpha	aggregate_function	fill_value	inverse_predictor	pred_name_long	color	threshold_crispr_combinedData	plot
ABCfull	ABC.Score	FALSE	NA	sum	0	FALSE	ABC_A=DNase x H3K27ac, C=ENCODE Hi-C	#00488D	0.027	TRUE
ABCdnase	ABC.Score	FALSE	NA	sum	0	FALSE	ABC_A=DNase, C=megamap Hi-C	#5496CE	0.201	TRUE
ENCODE_rE2G	Score	FALSE	NA	mean	0	FALSE	ENCODE-rE2G	#DC6464	0.201	TRUE
ENCODE_rE2Gext	Score	FALSE	NA	mean	0	FALSE	ENCODE-rE2G_Extended	#9B241C	0.336	TRUE
ABCfull	hic_contact_pl_scaled_adj	FALSE	NA	max	0	FALSE	Contact frequency (ENCODE Hi-C, 5kb)	#00488D	NA	TRUE
EnhActAssayDHS	ENCFF289IVJ.Score	FALSE	NA	sum	0	FALSE	DHS (ENCFF338LXW) x H3K27ac (ENCFF289IVJ)	black	NA	FALSE
EnhActAssayOnly	ENCFF338LXW.Score	FALSE	NA	sum	0	FALSE	DNase-seq (ENCFF338LXW)	black	NA	FALSE
EnhActAssayOnly	ENCFF964BCA.Score	FALSE	NA	sum	0	FALSE	H2AFZ (ENCFF964BCA)	black	NA	FALSE
EnhActAssayOnly	ENCFF289IVJ.Score	FALSE	NA	sum	0	FALSE	H3K27ac (ENCFF289IVJ)	black	NA	FALSE
EnhActAssayOnly	ENCFF971QDI.Score	FALSE	NA	sum	0	FALSE	H3K27me3 (ENCFF971QDI)	black	NA	FALSE
EnhActAssayOnly	ENCFF830FQU.Score	FALSE	NA	sum	0	FALSE	H3K36me3 (ENCFF830FQU)	black	NA	FALSE
EnhActAssayOnly	ENCFF598WSF.Score	FALSE	NA	sum	0	FALSE	H3K4me1 (ENCFF598WSF)	black	NA	FALSE
EnhActAssayOnly	ENCFF386XDJ.Score	FALSE	NA	sum	0	FALSE	H3K4me2 (ENCFF386XDJ)	black	NA	FALSE
EnhActAssayOnly	ENCFF941IYM.Score	FALSE	NA	sum	0	FALSE	H3K4me3 (ENCFF941IYM)	black	NA	FALSE
EnhActAssayOnly	ENCFF457RYD.Score	FALSE	NA	sum	0	FALSE	H3K79me2 (ENCFF457RYD)	black	NA	FALSE
EnhActAssayOnly	ENCFF882UZO.Score	FALSE	NA	sum	0	FALSE	H3K9ac (ENCFF882UZO)	black	NA	FALSE
EnhActAssayOnly	ENCFF600IBI.Score	FALSE	NA	sum	0	FALSE	H3K9me3 (ENCFF600IBI)	black	NA	FALSE
EnhActAssayOnly	ENCFF006AYV.Score	FALSE	NA	sum	0	FALSE	H4K20me1 (ENCFF006AYV)	black	NA	FALSE
EnhActAssayOnly	ENCFF580YKQ.Score	FALSE	NA	sum	0	FALSE	ADNP (ENCFF580YKQ)	black	NA	FALSE
EnhActAssayOnly	ENCFF494NVI.Score	FALSE	NA	sum	0	FALSE	AFF1 (ENCFF494NVI)	black	NA	FALSE
EnhActAssayOnly	ENCFF310XWI.Score	FALSE	NA	sum	0	FALSE	AFF1 (ENCFF310XWI)	black	NA	FALSE
EnhActAssayOnly	ENCFF090KWM.Score	FALSE	NA	sum	0	FALSE	AFF4 (ENCFF090KWM)	black	NA	FALSE
EnhActAssayOnly	ENCFF521JBC.Score	FALSE	NA	sum	0	FALSE	AGO1 (ENCFF521JBC)	black	NA	FALSE
EnhActAssayOnly	ENCFF615ILJ.Score	FALSE	NA	sum	0	FALSE	ARHGAP35 (ENCFF615ILJ)	black	NA	FALSE
EnhActAssayOnly	ENCFF380UBH.Score	FALSE	NA	sum	0	FALSE	ARID1B (ENCFF380UBH)	black	NA	FALSE
EnhActAssayOnly	ENCFF018XBY.Score	FALSE	NA	sum	0	FALSE	ARID2 (ENCFF018XBY)	black	NA	FALSE
EnhActAssayOnly	ENCFF457BKO.Score	FALSE	NA	sum	0	FALSE	ARID3A (ENCFF457BKO)	black	NA	FALSE
EnhActAssayOnly	ENCFF799HEW.Score	FALSE	NA	sum	0	FALSE	ARID3B (ENCFF799HEW)	black	NA	FALSE
EnhActAssayOnly	ENCFF516WHR.Score	FALSE	NA	sum	0	FALSE	ARID4B (ENCFF516WHR)	black	NA	FALSE
EnhActAssayOnly	ENCFF893YOE.Score	FALSE	NA	sum	0	FALSE	ARNT (ENCFF893YOE)	black	NA	FALSE
EnhActAssayOnly	ENCFF698TJU.Score	FALSE	NA	sum	0	FALSE	ASH1L (ENCFF698TJU)	black	NA	FALSE
EnhActAssayOnly	ENCFF804KWZ.Score	FALSE	NA	sum	0	FALSE	ATF1 (ENCFF804KWZ)	black	NA	FALSE
EnhActAssayOnly	ENCFF196NUG.Score	FALSE	NA	sum	0	FALSE	ATF2 (ENCFF196NUG)	black	NA	FALSE
EnhActAssayOnly	ENCFF427TFZ.Score	FALSE	NA	sum	0	FALSE	ATF3 (ENCFF427TFZ)	black	NA	FALSE
EnhActAssayOnly	ENCFF857TOC.Score	FALSE	NA	sum	0	FALSE	ATF4 (ENCFF857TOC)	black	NA	FALSE
EnhActAssayOnly	ENCFF111JKG.Score	FALSE	NA	sum	0	FALSE	ATF6 (ENCFF111JKG)	black	NA	FALSE
EnhActAssayOnly	ENCFF859TCV.Score	FALSE	NA	sum	0	FALSE	ATF7 (ENCFF859TCV)	black	NA	FALSE
EnhActAssayOnly	ENCFF510JCF.Score	FALSE	NA	sum	0	FALSE	BACH1 (ENCFF510JCF)	black	NA	FALSE
EnhActAssayOnly	ENCFF825WIJ.Score	FALSE	NA	sum	0	FALSE	BCL6 (ENCFF825WIJ)	black	NA	FALSE
EnhActAssayOnly	ENCFF780TOL.Score	FALSE	NA	sum	0	FALSE	BCLAF1 (ENCFF780TOL)	black	NA	FALSE
EnhActAssayOnly	ENCFF357FAU.Score	FALSE	NA	sum	0	FALSE	BCOR (ENCFF357FAU)	black	NA	FALSE
EnhActAssayOnly	ENCFF527XQU.Score	FALSE	NA	sum	0	FALSE	BDP1 (ENCFF527XQU)	black	NA	FALSE
EnhActAssayOnly	ENCFF988VAY.Score	FALSE	NA	sum	0	FALSE	BHLHE40 (ENCFF988VAY)	black	NA	FALSE
EnhActAssayOnly	ENCFF754VJV.Score	FALSE	NA	sum	0	FALSE	BMI1 (ENCFF754VJV)	black	NA	FALSE
EnhActAssayOnly	ENCFF034NJJ.Score	FALSE	NA	sum	0	FALSE	BRCA1 (ENCFF034NJJ)	black	NA	FALSE
EnhActAssayOnly	ENCFF605ICT.Score	FALSE	NA	sum	0	FALSE	BRD4 (ENCFF605ICT)	black	NA	FALSE
EnhActAssayOnly	ENCFF162FTO.Score	FALSE	NA	sum	0	FALSE	BRD9 (ENCFF162FTO)	black	NA	FALSE
EnhActAssayOnly	ENCFF812FDP.Score	FALSE	NA	sum	0	FALSE	BRF1 (ENCFF812FDP)	black	NA	FALSE
EnhActAssayOnly	ENCFF506DDT.Score	FALSE	NA	sum	0	FALSE	BRF2 (ENCFF506DDT)	black	NA	FALSE
EnhActAssayOnly	ENCFF768UJA.Score	FALSE	NA	sum	0	FALSE	C11orf30 (ENCFF768UJA)	black	NA	FALSE
EnhActAssayOnly	ENCFF977XHV.Score	FALSE	NA	sum	0	FALSE	CAMTA2 (ENCFF977XHV)	black	NA	FALSE
EnhActAssayOnly	ENCFF749PFL.Score	FALSE	NA	sum	0	FALSE	CBFA2T2 (ENCFF749PFL)	black	NA	FALSE
EnhActAssayOnly	ENCFF799MLF.Score	FALSE	NA	sum	0	FALSE	CBFA2T3 (ENCFF799MLF)	black	NA	FALSE
EnhActAssayOnly	ENCFF679OVR.Score	FALSE	NA	sum	0	FALSE	CBFB (ENCFF679OVR)	black	NA	FALSE
EnhActAssayOnly	ENCFF977PFT.Score	FALSE	NA	sum	0	FALSE	CBX1 (ENCFF977PFT)	black	NA	FALSE
EnhActAssayOnly	ENCFF702FYL.Score	FALSE	NA	sum	0	FALSE	CBX3 (ENCFF702FYL)	black	NA	FALSE
EnhActAssayOnly	ENCFF494XLS.Score	FALSE	NA	sum	0	FALSE	CBX5 (ENCFF494XLS)	black	NA	FALSE
EnhActAssayOnly	ENCFF834INJ.Score	FALSE	NA	sum	0	FALSE	CBX8 (ENCFF834INJ)	black	NA	FALSE
EnhActAssayOnly	ENCFF936JRF.Score	FALSE	NA	sum	0	FALSE	CC2D1A (ENCFF936JRF)	black	NA	FALSE
EnhActAssayOnly	ENCFF459XQB.Score	FALSE	NA	sum	0	FALSE	CCAR2 (ENCFF459XQB)	black	NA	FALSE
EnhActAssayOnly	ENCFF050XGP.Score	FALSE	NA	sum	0	FALSE	CCNT2 (ENCFF050XGP)	black	NA	FALSE
EnhActAssayOnly	ENCFF351XKO.Score	FALSE	NA	sum	0	FALSE	CDC5L (ENCFF351XKO)	black	NA	FALSE
EnhActAssayOnly	ENCFF964NWZ.Score	FALSE	NA	sum	0	FALSE	CEBPB (ENCFF964NWZ)	black	NA	FALSE
EnhActAssayOnly	ENCFF985ZIK.Score	FALSE	NA	sum	0	FALSE	CEBPG (ENCFF985ZIK)	black	NA	FALSE
EnhActAssayOnly	ENCFF557EGI.Score	FALSE	NA	sum	0	FALSE	CGGBP1 (ENCFF557EGI)	black	NA	FALSE
EnhActAssayOnly	ENCFF558RTD.Score	FALSE	NA	sum	0	FALSE	CHAMP1 (ENCFF558RTD)	black	NA	FALSE
EnhActAssayOnly	ENCFF953CLD.Score	FALSE	NA	sum	0	FALSE	CHCHD3 (ENCFF953CLD)	black	NA	FALSE
EnhActAssayOnly	ENCFF022ETP.Score	FALSE	NA	sum	0	FALSE	CHD2 (ENCFF022ETP)	black	NA	FALSE
EnhActAssayOnly	ENCFF828UDH.Score	FALSE	NA	sum	0	FALSE	CHD4 (ENCFF828UDH)	black	NA	FALSE
EnhActAssayOnly	ENCFF024KNO.Score	FALSE	NA	sum	0	FALSE	CLOCK (ENCFF024KNO)	black	NA	FALSE
EnhActAssayOnly	ENCFF411NWX.Score	FALSE	NA	sum	0	FALSE	COPS2 (ENCFF411NWX)	black	NA	FALSE
EnhActAssayOnly	ENCFF340PIL.Score	FALSE	NA	sum	0	FALSE	CREB1 (ENCFF340PIL)	black	NA	FALSE
EnhActAssayOnly	ENCFF947GKG.Score	FALSE	NA	sum	0	FALSE	CREB3 (ENCFF947GKG)	black	NA	FALSE
EnhActAssayOnly	ENCFF156OCM.Score	FALSE	NA	sum	0	FALSE	CREB3L1 (ENCFF156OCM)	black	NA	FALSE
EnhActAssayOnly	ENCFF264RFP.Score	FALSE	NA	sum	0	FALSE	CREB5 (ENCFF264RFP)	black	NA	FALSE
EnhActAssayOnly	ENCFF850TRW.Score	FALSE	NA	sum	0	FALSE	CREM (ENCFF850TRW)	black	NA	FALSE
EnhActAssayOnly	ENCFF364MUN.Score	FALSE	NA	sum	0	FALSE	CSDE1 (ENCFF364MUN)	black	NA	FALSE
EnhActAssayOnly	ENCFF086WRS.Score	FALSE	NA	sum	0	FALSE	CTBP1 (ENCFF086WRS)	black	NA	FALSE
EnhActAssayOnly	ENCFF435LAG.Score	FALSE	NA	sum	0	FALSE	CTCF (ENCFF435LAG)	black	NA	FALSE
EnhActAssayOnly	ENCFF619BTX.Score	FALSE	NA	sum	0	FALSE	CTCFL (ENCFF619BTX)	black	NA	FALSE
EnhActAssayOnly	ENCFF195ZXQ.Score	FALSE	NA	sum	0	FALSE	CUX1 (ENCFF195ZXQ)	black	NA	FALSE
EnhActAssayOnly	ENCFF027KQW.Score	FALSE	NA	sum	0	FALSE	DACH1 (ENCFF027KQW)	black	NA	FALSE
EnhActAssayOnly	ENCFF990RCE.Score	FALSE	NA	sum	0	FALSE	DDIT3 (ENCFF990RCE)	black	NA	FALSE
EnhActAssayOnly	ENCFF197AQZ.Score	FALSE	NA	sum	0	FALSE	DDX20 (ENCFF197AQZ)	black	NA	FALSE
EnhActAssayOnly	ENCFF598GNT.Score	FALSE	NA	sum	0	FALSE	DEAF1 (ENCFF598GNT)	black	NA	FALSE
EnhActAssayOnly	ENCFF155LNL.Score	FALSE	NA	sum	0	FALSE	DIDO1 (ENCFF155LNL)	black	NA	FALSE
EnhActAssayOnly	ENCFF653THW.Score	FALSE	NA	sum	0	FALSE	DLX4 (ENCFF653THW)	black	NA	FALSE
EnhActAssayOnly	ENCFF133UIO.Score	FALSE	NA	sum	0	FALSE	DMTF1 (ENCFF133UIO)	black	NA	FALSE
EnhActAssayOnly	ENCFF166KEN.Score	FALSE	NA	sum	0	FALSE	DNMT1 (ENCFF166KEN)	black	NA	FALSE
EnhActAssayOnly	ENCFF635FFS.Score	FALSE	NA	sum	0	FALSE	DPF2 (ENCFF635FFS)	black	NA	FALSE
EnhActAssayOnly	ENCFF008QYP.Score	FALSE	NA	sum	0	FALSE	E2F1 (ENCFF008QYP)	black	NA	FALSE
EnhActAssayOnly	ENCFF637WUI.Score	FALSE	NA	sum	0	FALSE	E2F3 (ENCFF637WUI)	black	NA	FALSE
EnhActAssayOnly	ENCFF988OOW.Score	FALSE	NA	sum	0	FALSE	E2F4 (ENCFF988OOW)	black	NA	FALSE
EnhActAssayOnly	ENCFF403XOV.Score	FALSE	NA	sum	0	FALSE	E2F5 (ENCFF403XOV)	black	NA	FALSE
EnhActAssayOnly	ENCFF467BSQ.Score	FALSE	NA	sum	0	FALSE	E2F6 (ENCFF467BSQ)	black	NA	FALSE
EnhActAssayOnly	ENCFF104ARB.Score	FALSE	NA	sum	0	FALSE	E2F7 (ENCFF104ARB)	black	NA	FALSE
EnhActAssayOnly	ENCFF442HJS.Score	FALSE	NA	sum	0	FALSE	E2F8 (ENCFF442HJS)	black	NA	FALSE
EnhActAssayOnly	ENCFF159ENF.Score	FALSE	NA	sum	0	FALSE	E4F1 (ENCFF159ENF)	black	NA	FALSE
EnhActAssayOnly	ENCFF944GQM.Score	FALSE	NA	sum	0	FALSE	EGR1 (ENCFF944GQM)	black	NA	FALSE
EnhActAssayOnly	ENCFF603JSN.Score	FALSE	NA	sum	0	FALSE	EGR1 (ENCFF603JSN)	black	NA	FALSE
EnhActAssayOnly	ENCFF612JBV.Score	FALSE	NA	sum	0	FALSE	EHMT2 (ENCFF612JBV)	black	NA	FALSE
EnhActAssayOnly	ENCFF288BDW.Score	FALSE	NA	sum	0	FALSE	ELF1 (ENCFF288BDW)	black	NA	FALSE
EnhActAssayOnly	ENCFF412UNW.Score	FALSE	NA	sum	0	FALSE	ELF2 (ENCFF412UNW)	black	NA	FALSE
EnhActAssayOnly	ENCFF781YXT.Score	FALSE	NA	sum	0	FALSE	ELF4 (ENCFF781YXT)	black	NA	FALSE
EnhActAssayOnly	ENCFF207KXG.Score	FALSE	NA	sum	0	FALSE	ELK1 (ENCFF207KXG)	black	NA	FALSE
EnhActAssayOnly	ENCFF193MHV.Score	FALSE	NA	sum	0	FALSE	ELK3 (ENCFF193MHV)	black	NA	FALSE
EnhActAssayOnly	ENCFF513GVS.Score	FALSE	NA	sum	0	FALSE	EP300 (ENCFF513GVS)	black	NA	FALSE
EnhActAssayOnly	ENCFF662URP.Score	FALSE	NA	sum	0	FALSE	EP400 (ENCFF662URP)	black	NA	FALSE
EnhActAssayOnly	ENCFF060NJB.Score	FALSE	NA	sum	0	FALSE	ERF (ENCFF060NJB)	black	NA	FALSE
EnhActAssayOnly	ENCFF149VXV.Score	FALSE	NA	sum	0	FALSE	ESRRA (ENCFF149VXV)	black	NA	FALSE
EnhActAssayOnly	ENCFF559VIP.Score	FALSE	NA	sum	0	FALSE	ESRRB (ENCFF559VIP)	black	NA	FALSE
EnhActAssayOnly	ENCFF687UKE.Score	FALSE	NA	sum	0	FALSE	ETS1 (ENCFF687UKE)	black	NA	FALSE
EnhActAssayOnly	ENCFF389DZJ.Score	FALSE	NA	sum	0	FALSE	ETS2 (ENCFF389DZJ)	black	NA	FALSE
EnhActAssayOnly	ENCFF143OAQ.Score	FALSE	NA	sum	0	FALSE	ETV1 (ENCFF143OAQ)	black	NA	FALSE
EnhActAssayOnly	ENCFF496OMD.Score	FALSE	NA	sum	0	FALSE	ETV5 (ENCFF496OMD)	black	NA	FALSE
EnhActAssayOnly	ENCFF262YYV.Score	FALSE	NA	sum	0	FALSE	ETV6 (ENCFF262YYV)	black	NA	FALSE
EnhActAssayOnly	ENCFF625BKV.Score	FALSE	NA	sum	0	FALSE	EWSR1 (ENCFF625BKV)	black	NA	FALSE
EnhActAssayOnly	ENCFF959RUJ.Score	FALSE	NA	sum	0	FALSE	EZH2 (ENCFF959RUJ)	black	NA	FALSE
EnhActAssayOnly	ENCFF125ALM.Score	FALSE	NA	sum	0	FALSE	FIP1L1 (ENCFF125ALM)	black	NA	FALSE
EnhActAssayOnly	ENCFF834BYR.Score	FALSE	NA	sum	0	FALSE	FOS (ENCFF834BYR)	black	NA	FALSE
EnhActAssayOnly	ENCFF002WEI.Score	FALSE	NA	sum	0	FALSE	FOSL1 (ENCFF002WEI)	black	NA	FALSE
EnhActAssayOnly	ENCFF568PUI.Score	FALSE	NA	sum	0	FALSE	FOXA1 (ENCFF568PUI)	black	NA	FALSE
EnhActAssayOnly	ENCFF970OPB.Score	FALSE	NA	sum	0	FALSE	FOXA3 (ENCFF970OPB)	black	NA	FALSE
EnhActAssayOnly	ENCFF223UFT.Score	FALSE	NA	sum	0	FALSE	FOXJ2 (ENCFF223UFT)	black	NA	FALSE
EnhActAssayOnly	ENCFF563MFT.Score	FALSE	NA	sum	0	FALSE	FOXJ3 (ENCFF563MFT)	black	NA	FALSE
EnhActAssayOnly	ENCFF976HMD.Score	FALSE	NA	sum	0	FALSE	FOXK1 (ENCFF976HMD)	black	NA	FALSE
EnhActAssayOnly	ENCFF177OCJ.Score	FALSE	NA	sum	0	FALSE	FOXK2 (ENCFF177OCJ)	black	NA	FALSE
EnhActAssayOnly	ENCFF272NTX.Score	FALSE	NA	sum	0	FALSE	FOXM1 (ENCFF272NTX)	black	NA	FALSE
EnhActAssayOnly	ENCFF344YHU.Score	FALSE	NA	sum	0	FALSE	FOXO4 (ENCFF344YHU)	black	NA	FALSE
EnhActAssayOnly	ENCFF275VZI.Score	FALSE	NA	sum	0	FALSE	FOXP1 (ENCFF275VZI)	black	NA	FALSE
EnhActAssayOnly	ENCFF250LSM.Score	FALSE	NA	sum	0	FALSE	FOXP4 (ENCFF250LSM)	black	NA	FALSE
EnhActAssayOnly	ENCFF581FRT.Score	FALSE	NA	sum	0	FALSE	FUS (ENCFF581FRT)	black	NA	FALSE
EnhActAssayOnly	ENCFF185MOX.Score	FALSE	NA	sum	0	FALSE	GABPA (ENCFF185MOX)	black	NA	FALSE
EnhActAssayOnly	ENCFF279NOP.Score	FALSE	NA	sum	0	FALSE	GABPB1 (ENCFF279NOP)	black	NA	FALSE
EnhActAssayOnly	ENCFF156GGA.Score	FALSE	NA	sum	0	FALSE	GABPB2 (ENCFF156GGA)	black	NA	FALSE
EnhActAssayOnly	ENCFF838RXA.Score	FALSE	NA	sum	0	FALSE	GATA1 (ENCFF838RXA)	black	NA	FALSE
EnhActAssayOnly	ENCFF787JFL.Score	FALSE	NA	sum	0	FALSE	GATA2 (ENCFF787JFL)	black	NA	FALSE
EnhActAssayOnly	ENCFF445XYP.Score	FALSE	NA	sum	0	FALSE	GATAD2A (ENCFF445XYP)	black	NA	FALSE
EnhActAssayOnly	ENCFF895LWM.Score	FALSE	NA	sum	0	FALSE	GATAD2B (ENCFF895LWM)	black	NA	FALSE
EnhActAssayOnly	ENCFF677MNO.Score	FALSE	NA	sum	0	FALSE	GMEB1 (ENCFF677MNO)	black	NA	FALSE
EnhActAssayOnly	ENCFF412LXZ.Score	FALSE	NA	sum	0	FALSE	GTF2A2 (ENCFF412LXZ)	black	NA	FALSE
EnhActAssayOnly	ENCFF539FKA.Score	FALSE	NA	sum	0	FALSE	GTF2B (ENCFF539FKA)	black	NA	FALSE
EnhActAssayOnly	ENCFF486VSV.Score	FALSE	NA	sum	0	FALSE	GTF2E2 (ENCFF486VSV)	black	NA	FALSE
EnhActAssayOnly	ENCFF247XKF.Score	FALSE	NA	sum	0	FALSE	GTF2F1 (ENCFF247XKF)	black	NA	FALSE
EnhActAssayOnly	ENCFF616FCR.Score	FALSE	NA	sum	0	FALSE	GTF2I (ENCFF616FCR)	black	NA	FALSE
EnhActAssayOnly	ENCFF240CHH.Score	FALSE	NA	sum	0	FALSE	GTF3C2 (ENCFF240CHH)	black	NA	FALSE
EnhActAssayOnly	ENCFF020PYB.Score	FALSE	NA	sum	0	FALSE	HBP1 (ENCFF020PYB)	black	NA	FALSE
EnhActAssayOnly	ENCFF190TFY.Score	FALSE	NA	sum	0	FALSE	HCFC1 (ENCFF190TFY)	black	NA	FALSE
EnhActAssayOnly	ENCFF174EIC.Score	FALSE	NA	sum	0	FALSE	HDAC1 (ENCFF174EIC)	black	NA	FALSE
EnhActAssayOnly	ENCFF258FTE.Score	FALSE	NA	sum	0	FALSE	HDAC2 (ENCFF258FTE)	black	NA	FALSE
EnhActAssayOnly	ENCFF680RTO.Score	FALSE	NA	sum	0	FALSE	HDAC6 (ENCFF680RTO)	black	NA	FALSE
EnhActAssayOnly	ENCFF153JGT.Score	FALSE	NA	sum	0	FALSE	HDAC8 (ENCFF153JGT)	black	NA	FALSE
EnhActAssayOnly	ENCFF799UUZ.Score	FALSE	NA	sum	0	FALSE	HDGF (ENCFF799UUZ)	black	NA	FALSE
EnhActAssayOnly	ENCFF473ZCY.Score	FALSE	NA	sum	0	FALSE	HES1 (ENCFF473ZCY)	black	NA	FALSE
EnhActAssayOnly	ENCFF421AXI.Score	FALSE	NA	sum	0	FALSE	HEY1 (ENCFF421AXI)	black	NA	FALSE
EnhActAssayOnly	ENCFF057LNT.Score	FALSE	NA	sum	0	FALSE	HINFP (ENCFF057LNT)	black	NA	FALSE
EnhActAssayOnly	ENCFF046FXM.Score	FALSE	NA	sum	0	FALSE	HIVEP1 (ENCFF046FXM)	black	NA	FALSE
EnhActAssayOnly	ENCFF690XCI.Score	FALSE	NA	sum	0	FALSE	HLTF (ENCFF690XCI)	black	NA	FALSE
EnhActAssayOnly	ENCFF786BSO.Score	FALSE	NA	sum	0	FALSE	HMBOX1 (ENCFF786BSO)	black	NA	FALSE
EnhActAssayOnly	ENCFF622ITH.Score	FALSE	NA	sum	0	FALSE	HMG20A (ENCFF622ITH)	black	NA	FALSE
EnhActAssayOnly	ENCFF597MBH.Score	FALSE	NA	sum	0	FALSE	HMG20B (ENCFF597MBH)	black	NA	FALSE
EnhActAssayOnly	ENCFF776XDN.Score	FALSE	NA	sum	0	FALSE	HMGN3 (ENCFF776XDN)	black	NA	FALSE
EnhActAssayOnly	ENCFF556WSJ.Score	FALSE	NA	sum	0	FALSE	HMGXB4 (ENCFF556WSJ)	black	NA	FALSE
EnhActAssayOnly	ENCFF626YAE.Score	FALSE	NA	sum	0	FALSE	HNRNPH1 (ENCFF626YAE)	black	NA	FALSE
EnhActAssayOnly	ENCFF170ZAQ.Score	FALSE	NA	sum	0	FALSE	HNRNPK (ENCFF170ZAQ)	black	NA	FALSE
EnhActAssayOnly	ENCFF145MSJ.Score	FALSE	NA	sum	0	FALSE	HNRNPL (ENCFF145MSJ)	black	NA	FALSE
EnhActAssayOnly	ENCFF687PFH.Score	FALSE	NA	sum	0	FALSE	HNRNPLL (ENCFF687PFH)	black	NA	FALSE
EnhActAssayOnly	ENCFF298HVU.Score	FALSE	NA	sum	0	FALSE	HNRNPUL1 (ENCFF298HVU)	black	NA	FALSE
EnhActAssayOnly	ENCFF386HWG.Score	FALSE	NA	sum	0	FALSE	HOMEZ (ENCFF386HWG)	black	NA	FALSE
EnhActAssayOnly	ENCFF711VNM.Score	FALSE	NA	sum	0	FALSE	HOXB6 (ENCFF711VNM)	black	NA	FALSE
EnhActAssayOnly	ENCFF041FPO.Score	FALSE	NA	sum	0	FALSE	HSF4 (ENCFF041FPO)	black	NA	FALSE
EnhActAssayOnly	ENCFF526HKD.Score	FALSE	NA	sum	0	FALSE	ID3 (ENCFF526HKD)	black	NA	FALSE
EnhActAssayOnly	ENCFF611WLP.Score	FALSE	NA	sum	0	FALSE	IFI16 (ENCFF611WLP)	black	NA	FALSE
EnhActAssayOnly	ENCFF005HJW.Score	FALSE	NA	sum	0	FALSE	IKZF1 (ENCFF005HJW)	black	NA	FALSE
EnhActAssayOnly	ENCFF994LJY.Score	FALSE	NA	sum	0	FALSE	ILK (ENCFF994LJY)	black	NA	FALSE
EnhActAssayOnly	ENCFF639BQL.Score	FALSE	NA	sum	0	FALSE	IRF1 (ENCFF639BQL)	black	NA	FALSE
EnhActAssayOnly	ENCFF341XGE.Score	FALSE	NA	sum	0	FALSE	IRF2 (ENCFF341XGE)	black	NA	FALSE
EnhActAssayOnly	ENCFF694RZN.Score	FALSE	NA	sum	0	FALSE	IRF9 (ENCFF694RZN)	black	NA	FALSE
EnhActAssayOnly	ENCFF448TJP.Score	FALSE	NA	sum	0	FALSE	JUN (ENCFF448TJP)	black	NA	FALSE
EnhActAssayOnly	ENCFF690RWM.Score	FALSE	NA	sum	0	FALSE	JUNB (ENCFF690RWM)	black	NA	FALSE
EnhActAssayOnly	ENCFF298JHY.Score	FALSE	NA	sum	0	FALSE	JUND (ENCFF298JHY)	black	NA	FALSE
EnhActAssayOnly	ENCFF517WVJ.Score	FALSE	NA	sum	0	FALSE	KAT7 (ENCFF517WVJ)	black	NA	FALSE
EnhActAssayOnly	ENCFF688JOD.Score	FALSE	NA	sum	0	FALSE	KAT8 (ENCFF688JOD)	black	NA	FALSE
EnhActAssayOnly	ENCFF403UBR.Score	FALSE	NA	sum	0	FALSE	KDM1A (ENCFF403UBR)	black	NA	FALSE
EnhActAssayOnly	ENCFF875NOR.Score	FALSE	NA	sum	0	FALSE	KDM2B (ENCFF875NOR)	black	NA	FALSE
EnhActAssayOnly	ENCFF402FID.Score	FALSE	NA	sum	0	FALSE	KDM4B (ENCFF402FID)	black	NA	FALSE
EnhActAssayOnly	ENCFF177ARI.Score	FALSE	NA	sum	0	FALSE	KDM5B (ENCFF177ARI)	black	NA	FALSE
EnhActAssayOnly	ENCFF891RAE.Score	FALSE	NA	sum	0	FALSE	KLF1 (ENCFF891RAE)	black	NA	FALSE
EnhActAssayOnly	ENCFF255WEY.Score	FALSE	NA	sum	0	FALSE	KLF10 (ENCFF255WEY)	black	NA	FALSE
EnhActAssayOnly	ENCFF972FHB.Score	FALSE	NA	sum	0	FALSE	KLF13 (ENCFF972FHB)	black	NA	FALSE
EnhActAssayOnly	ENCFF842VUY.Score	FALSE	NA	sum	0	FALSE	KLF16 (ENCFF842VUY)	black	NA	FALSE
EnhActAssayOnly	ENCFF129SVN.Score	FALSE	NA	sum	0	FALSE	KLF6 (ENCFF129SVN)	black	NA	FALSE
EnhActAssayOnly	ENCFF755WXK.Score	FALSE	NA	sum	0	FALSE	L3MBTL2 (ENCFF755WXK)	black	NA	FALSE
EnhActAssayOnly	ENCFF739QDA.Score	FALSE	NA	sum	0	FALSE	LARP7 (ENCFF739QDA)	black	NA	FALSE
EnhActAssayOnly	ENCFF796TBO.Score	FALSE	NA	sum	0	FALSE	LCOR (ENCFF796TBO)	black	NA	FALSE
EnhActAssayOnly	ENCFF614NSR.Score	FALSE	NA	sum	0	FALSE	MAFF (ENCFF614NSR)	black	NA	FALSE
EnhActAssayOnly	ENCFF411VSL.Score	FALSE	NA	sum	0	FALSE	MAFG (ENCFF411VSL)	black	NA	FALSE
EnhActAssayOnly	ENCFF860OFM.Score	FALSE	NA	sum	0	FALSE	MAFK (ENCFF860OFM)	black	NA	FALSE
EnhActAssayOnly	ENCFF511DWG.Score	FALSE	NA	sum	0	FALSE	MAX (ENCFF511DWG)	black	NA	FALSE
EnhActAssayOnly	ENCFF099KJR.Score	FALSE	NA	sum	0	FALSE	MAZ (ENCFF099KJR)	black	NA	FALSE
EnhActAssayOnly	ENCFF317XDJ.Score	FALSE	NA	sum	0	FALSE	MCM2 (ENCFF317XDJ)	black	NA	FALSE
EnhActAssayOnly	ENCFF279IXG.Score	FALSE	NA	sum	0	FALSE	MCM3 (ENCFF279IXG)	black	NA	FALSE
EnhActAssayOnly	ENCFF857HOY.Score	FALSE	NA	sum	0	FALSE	MCM5 (ENCFF857HOY)	black	NA	FALSE
EnhActAssayOnly	ENCFF658ORS.Score	FALSE	NA	sum	0	FALSE	MCM7 (ENCFF658ORS)	black	NA	FALSE
EnhActAssayOnly	ENCFF404QED.Score	FALSE	NA	sum	0	FALSE	MED1 (ENCFF404QED)	black	NA	FALSE
EnhActAssayOnly	ENCFF708GYC.Score	FALSE	NA	sum	0	FALSE	MEF2A (ENCFF708GYC)	black	NA	FALSE
EnhActAssayOnly	ENCFF271HIS.Score	FALSE	NA	sum	0	FALSE	MEF2D (ENCFF271HIS)	black	NA	FALSE
EnhActAssayOnly	ENCFF075VKS.Score	FALSE	NA	sum	0	FALSE	MEIS2 (ENCFF075VKS)	black	NA	FALSE
EnhActAssayOnly	ENCFF832RCD.Score	FALSE	NA	sum	0	FALSE	MGA (ENCFF832RCD)	black	NA	FALSE
EnhActAssayOnly	ENCFF215OVN.Score	FALSE	NA	sum	0	FALSE	MIER1 (ENCFF215OVN)	black	NA	FALSE
EnhActAssayOnly	ENCFF668BHW.Score	FALSE	NA	sum	0	FALSE	MITF (ENCFF668BHW)	black	NA	FALSE
EnhActAssayOnly	ENCFF790CMT.Score	FALSE	NA	sum	0	FALSE	MLLT1 (ENCFF790CMT)	black	NA	FALSE
EnhActAssayOnly	ENCFF575VXB.Score	FALSE	NA	sum	0	FALSE	MLLT1 (ENCFF575VXB)	black	NA	FALSE
EnhActAssayOnly	ENCFF790OEW.Score	FALSE	NA	sum	0	FALSE	MLX (ENCFF790OEW)	black	NA	FALSE
EnhActAssayOnly	ENCFF776RIF.Score	FALSE	NA	sum	0	FALSE	MNT (ENCFF776RIF)	black	NA	FALSE
EnhActAssayOnly	ENCFF597EBP.Score	FALSE	NA	sum	0	FALSE	MTA1 (ENCFF597EBP)	black	NA	FALSE
EnhActAssayOnly	ENCFF206SHI.Score	FALSE	NA	sum	0	FALSE	MTA2 (ENCFF206SHI)	black	NA	FALSE
EnhActAssayOnly	ENCFF616KLI.Score	FALSE	NA	sum	0	FALSE	MTA2 (ENCFF616KLI)	black	NA	FALSE
EnhActAssayOnly	ENCFF909PSP.Score	FALSE	NA	sum	0	FALSE	MTA3 (ENCFF909PSP)	black	NA	FALSE
EnhActAssayOnly	ENCFF673XJM.Score	FALSE	NA	sum	0	FALSE	MXD1 (ENCFF673XJM)	black	NA	FALSE
EnhActAssayOnly	ENCFF840RIM.Score	FALSE	NA	sum	0	FALSE	MXI1 (ENCFF840RIM)	black	NA	FALSE
EnhActAssayOnly	ENCFF720OOI.Score	FALSE	NA	sum	0	FALSE	MYBL2 (ENCFF720OOI)	black	NA	FALSE
EnhActAssayOnly	ENCFF583INC.Score	FALSE	NA	sum	0	FALSE	MYC (ENCFF583INC)	black	NA	FALSE
EnhActAssayOnly	ENCFF391DFM.Score	FALSE	NA	sum	0	FALSE	MYNN (ENCFF391DFM)	black	NA	FALSE
EnhActAssayOnly	ENCFF201FQD.Score	FALSE	NA	sum	0	FALSE	NBN (ENCFF201FQD)	black	NA	FALSE
EnhActAssayOnly	ENCFF762QJS.Score	FALSE	NA	sum	0	FALSE	NCOA1 (ENCFF762QJS)	black	NA	FALSE
EnhActAssayOnly	ENCFF709OJR.Score	FALSE	NA	sum	0	FALSE	NCOA1 (ENCFF709OJR)	black	NA	FALSE
EnhActAssayOnly	ENCFF197QSY.Score	FALSE	NA	sum	0	FALSE	NCOA2 (ENCFF197QSY)	black	NA	FALSE
EnhActAssayOnly	ENCFF207NZW.Score	FALSE	NA	sum	0	FALSE	NCOA2 (ENCFF207NZW)	black	NA	FALSE
EnhActAssayOnly	ENCFF103YIT.Score	FALSE	NA	sum	0	FALSE	NCOA4 (ENCFF103YIT)	black	NA	FALSE
EnhActAssayOnly	ENCFF738ZIW.Score	FALSE	NA	sum	0	FALSE	NCOA6 (ENCFF738ZIW)	black	NA	FALSE
EnhActAssayOnly	ENCFF935VYF.Score	FALSE	NA	sum	0	FALSE	NCOR1 (ENCFF935VYF)	black	NA	FALSE
EnhActAssayOnly	ENCFF241YVJ.Score	FALSE	NA	sum	0	FALSE	NCOR1 (ENCFF241YVJ)	black	NA	FALSE
EnhActAssayOnly	ENCFF822KTM.Score	FALSE	NA	sum	0	FALSE	NELFE (ENCFF822KTM)	black	NA	FALSE
EnhActAssayOnly	ENCFF174GDV.Score	FALSE	NA	sum	0	FALSE	NEUROD1 (ENCFF174GDV)	black	NA	FALSE
EnhActAssayOnly	ENCFF453PUH.Score	FALSE	NA	sum	0	FALSE	NFATC3 (ENCFF453PUH)	black	NA	FALSE
EnhActAssayOnly	ENCFF842NYO.Score	FALSE	NA	sum	0	FALSE	NFE2 (ENCFF842NYO)	black	NA	FALSE
EnhActAssayOnly	ENCFF520MCQ.Score	FALSE	NA	sum	0	FALSE	NFE2L1 (ENCFF520MCQ)	black	NA	FALSE
EnhActAssayOnly	ENCFF879LLF.Score	FALSE	NA	sum	0	FALSE	NFIC (ENCFF879LLF)	black	NA	FALSE
EnhActAssayOnly	ENCFF196BZV.Score	FALSE	NA	sum	0	FALSE	NFIX (ENCFF196BZV)	black	NA	FALSE
EnhActAssayOnly	ENCFF326TGQ.Score	FALSE	NA	sum	0	FALSE	NFRKB (ENCFF326TGQ)	black	NA	FALSE
EnhActAssayOnly	ENCFF908DBR.Score	FALSE	NA	sum	0	FALSE	NFXL1 (ENCFF908DBR)	black	NA	FALSE
EnhActAssayOnly	ENCFF295GLK.Score	FALSE	NA	sum	0	FALSE	NFYA (ENCFF295GLK)	black	NA	FALSE
EnhActAssayOnly	ENCFF818LMT.Score	FALSE	NA	sum	0	FALSE	NFYB (ENCFF818LMT)	black	NA	FALSE
EnhActAssayOnly	ENCFF798GXH.Score	FALSE	NA	sum	0	FALSE	NKRF (ENCFF798GXH)	black	NA	FALSE
EnhActAssayOnly	ENCFF935YCY.Score	FALSE	NA	sum	0	FALSE	NONO (ENCFF935YCY)	black	NA	FALSE
EnhActAssayOnly	ENCFF785LKC.Score	FALSE	NA	sum	0	FALSE	NR0B1 (ENCFF785LKC)	black	NA	FALSE
EnhActAssayOnly	ENCFF573BCN.Score	FALSE	NA	sum	0	FALSE	NR1H2 (ENCFF573BCN)	black	NA	FALSE
EnhActAssayOnly	ENCFF811OEB.Score	FALSE	NA	sum	0	FALSE	NR2C1 (ENCFF811OEB)	black	NA	FALSE
EnhActAssayOnly	ENCFF325IJE.Score	FALSE	NA	sum	0	FALSE	NR2C2 (ENCFF325IJE)	black	NA	FALSE
EnhActAssayOnly	ENCFF673JXX.Score	FALSE	NA	sum	0	FALSE	NR2F1 (ENCFF673JXX)	black	NA	FALSE
EnhActAssayOnly	ENCFF527QUX.Score	FALSE	NA	sum	0	FALSE	NR2F2 (ENCFF527QUX)	black	NA	FALSE
EnhActAssayOnly	ENCFF968STI.Score	FALSE	NA	sum	0	FALSE	NR2F6 (ENCFF968STI)	black	NA	FALSE
EnhActAssayOnly	ENCFF905PLL.Score	FALSE	NA	sum	0	FALSE	NR3C1 (ENCFF905PLL)	black	NA	FALSE
EnhActAssayOnly	ENCFF195FUW.Score	FALSE	NA	sum	0	FALSE	NR4A1 (ENCFF195FUW)	black	NA	FALSE
EnhActAssayOnly	ENCFF545IMI.Score	FALSE	NA	sum	0	FALSE	NRF1 (ENCFF545IMI)	black	NA	FALSE
EnhActAssayOnly	ENCFF947FVH.Score	FALSE	NA	sum	0	FALSE	NUFIP1 (ENCFF947FVH)	black	NA	FALSE
EnhActAssayOnly	ENCFF076AIX.Score	FALSE	NA	sum	0	FALSE	OTX1 (ENCFF076AIX)	black	NA	FALSE
EnhActAssayOnly	ENCFF357CLQ.Score	FALSE	NA	sum	0	FALSE	PATZ1 (ENCFF357CLQ)	black	NA	FALSE
EnhActAssayOnly	ENCFF553SGV.Score	FALSE	NA	sum	0	FALSE	PBX2 (ENCFF553SGV)	black	NA	FALSE
EnhActAssayOnly	ENCFF100USV.Score	FALSE	NA	sum	0	FALSE	PCBP1 (ENCFF100USV)	black	NA	FALSE
EnhActAssayOnly	ENCFF436ZDM.Score	FALSE	NA	sum	0	FALSE	PCBP2 (ENCFF436ZDM)	black	NA	FALSE
EnhActAssayOnly	ENCFF290YWM.Score	FALSE	NA	sum	0	FALSE	PHB (ENCFF290YWM)	black	NA	FALSE
EnhActAssayOnly	ENCFF863OHH.Score	FALSE	NA	sum	0	FALSE	PHB2 (ENCFF863OHH)	black	NA	FALSE
EnhActAssayOnly	ENCFF366EIY.Score	FALSE	NA	sum	0	FALSE	PHF20 (ENCFF366EIY)	black	NA	FALSE
EnhActAssayOnly	ENCFF125BVM.Score	FALSE	NA	sum	0	FALSE	PHF21A (ENCFF125BVM)	black	NA	FALSE
EnhActAssayOnly	ENCFF192QSC.Score	FALSE	NA	sum	0	FALSE	PHF8 (ENCFF192QSC)	black	NA	FALSE
EnhActAssayOnly	ENCFF037FUC.Score	FALSE	NA	sum	0	FALSE	PHTF2 (ENCFF037FUC)	black	NA	FALSE
EnhActAssayOnly	ENCFF151KAH.Score	FALSE	NA	sum	0	FALSE	PKNOX1 (ENCFF151KAH)	black	NA	FALSE
EnhActAssayOnly	ENCFF223HMT.Score	FALSE	NA	sum	0	FALSE	PML (ENCFF223HMT)	black	NA	FALSE
EnhActAssayOnly	ENCFF202BSU.Score	FALSE	NA	sum	0	FALSE	POLR2A (ENCFF202BSU)	black	NA	FALSE
EnhActAssayOnly	ENCFF173OLJ.Score	FALSE	NA	sum	0	FALSE	POLR2A (ENCFF173OLJ)	black	NA	FALSE
EnhActAssayOnly	ENCFF353WBG.Score	FALSE	NA	sum	0	FALSE	POLR2AphosphoS2 (ENCFF353WBG)	black	NA	FALSE
EnhActAssayOnly	ENCFF311BAV.Score	FALSE	NA	sum	0	FALSE	POLR2AphosphoS5 (ENCFF311BAV)	black	NA	FALSE
EnhActAssayOnly	ENCFF933AYN.Score	FALSE	NA	sum	0	FALSE	POLR2B (ENCFF933AYN)	black	NA	FALSE
EnhActAssayOnly	ENCFF032MPI.Score	FALSE	NA	sum	0	FALSE	POLR2G (ENCFF032MPI)	black	NA	FALSE
EnhActAssayOnly	ENCFF479MFK.Score	FALSE	NA	sum	0	FALSE	POLR2H (ENCFF479MFK)	black	NA	FALSE
EnhActAssayOnly	ENCFF095SKQ.Score	FALSE	NA	sum	0	FALSE	POLR3A (ENCFF095SKQ)	black	NA	FALSE
EnhActAssayOnly	ENCFF306SZC.Score	FALSE	NA	sum	0	FALSE	POLR3G (ENCFF306SZC)	black	NA	FALSE
EnhActAssayOnly	ENCFF482RKV.Score	FALSE	NA	sum	0	FALSE	POU5F1 (ENCFF482RKV)	black	NA	FALSE
EnhActAssayOnly	ENCFF185ZYT.Score	FALSE	NA	sum	0	FALSE	PPARD (ENCFF185ZYT)	black	NA	FALSE
EnhActAssayOnly	ENCFF894MMO.Score	FALSE	NA	sum	0	FALSE	PRDM10 (ENCFF894MMO)	black	NA	FALSE
EnhActAssayOnly	ENCFF671FIH.Score	FALSE	NA	sum	0	FALSE	PREB (ENCFF671FIH)	black	NA	FALSE
EnhActAssayOnly	ENCFF597BSP.Score	FALSE	NA	sum	0	FALSE	PRMT5 (ENCFF597BSP)	black	NA	FALSE
EnhActAssayOnly	ENCFF729VEX.Score	FALSE	NA	sum	0	FALSE	PRPF4 (ENCFF729VEX)	black	NA	FALSE
EnhActAssayOnly	ENCFF476JPM.Score	FALSE	NA	sum	0	FALSE	PTBP1 (ENCFF476JPM)	black	NA	FALSE
EnhActAssayOnly	ENCFF779TLT.Score	FALSE	NA	sum	0	FALSE	PTRF (ENCFF779TLT)	black	NA	FALSE
EnhActAssayOnly	ENCFF886AHK.Score	FALSE	NA	sum	0	FALSE	PTTG1 (ENCFF886AHK)	black	NA	FALSE
EnhActAssayOnly	ENCFF023WAP.Score	FALSE	NA	sum	0	FALSE	PURB (ENCFF023WAP)	black	NA	FALSE
EnhActAssayOnly	ENCFF212FWB.Score	FALSE	NA	sum	0	FALSE	PYGO2 (ENCFF212FWB)	black	NA	FALSE
EnhActAssayOnly	ENCFF732GFW.Score	FALSE	NA	sum	0	FALSE	RAD21 (ENCFF732GFW)	black	NA	FALSE
EnhActAssayOnly	ENCFF697CFE.Score	FALSE	NA	sum	0	FALSE	RAD51 (ENCFF697CFE)	black	NA	FALSE
EnhActAssayOnly	ENCFF107XSE.Score	FALSE	NA	sum	0	FALSE	RBBP5 (ENCFF107XSE)	black	NA	FALSE
EnhActAssayOnly	ENCFF821KXU.Score	FALSE	NA	sum	0	FALSE	RBFOX2 (ENCFF821KXU)	black	NA	FALSE
EnhActAssayOnly	ENCFF647MGD.Score	FALSE	NA	sum	0	FALSE	RBM14 (ENCFF647MGD)	black	NA	FALSE
EnhActAssayOnly	ENCFF196ARZ.Score	FALSE	NA	sum	0	FALSE	RBM15 (ENCFF196ARZ)	black	NA	FALSE
EnhActAssayOnly	ENCFF818OFF.Score	FALSE	NA	sum	0	FALSE	RBM17 (ENCFF818OFF)	black	NA	FALSE
EnhActAssayOnly	ENCFF231DLV.Score	FALSE	NA	sum	0	FALSE	RBM22 (ENCFF231DLV)	black	NA	FALSE
EnhActAssayOnly	ENCFF353CFY.Score	FALSE	NA	sum	0	FALSE	RBM25 (ENCFF353CFY)	black	NA	FALSE
EnhActAssayOnly	ENCFF913YWB.Score	FALSE	NA	sum	0	FALSE	RBM34 (ENCFF913YWB)	black	NA	FALSE
EnhActAssayOnly	ENCFF480QOB.Score	FALSE	NA	sum	0	FALSE	RBM39 (ENCFF480QOB)	black	NA	FALSE
EnhActAssayOnly	ENCFF465FZL.Score	FALSE	NA	sum	0	FALSE	RBPJ (ENCFF465FZL)	black	NA	FALSE
EnhActAssayOnly	ENCFF895SGO.Score	FALSE	NA	sum	0	FALSE	RCOR1 (ENCFF895SGO)	black	NA	FALSE
EnhActAssayOnly	ENCFF727LFR.Score	FALSE	NA	sum	0	FALSE	RCOR1 (ENCFF727LFR)	black	NA	FALSE
EnhActAssayOnly	ENCFF371KFY.Score	FALSE	NA	sum	0	FALSE	RELA (ENCFF371KFY)	black	NA	FALSE
EnhActAssayOnly	ENCFF038VVZ.Score	FALSE	NA	sum	0	FALSE	RERE (ENCFF038VVZ)	black	NA	FALSE
EnhActAssayOnly	ENCFF737ZVY.Score	FALSE	NA	sum	0	FALSE	REST (ENCFF737ZVY)	black	NA	FALSE
EnhActAssayOnly	ENCFF468DIU.Score	FALSE	NA	sum	0	FALSE	RFX1 (ENCFF468DIU)	black	NA	FALSE
EnhActAssayOnly	ENCFF396VPU.Score	FALSE	NA	sum	0	FALSE	RFX5 (ENCFF396VPU)	black	NA	FALSE
EnhActAssayOnly	ENCFF892BRY.Score	FALSE	NA	sum	0	FALSE	RFX7 (ENCFF892BRY)	black	NA	FALSE
EnhActAssayOnly	ENCFF137TSW.Score	FALSE	NA	sum	0	FALSE	RHOXF2B (ENCFF137TSW)	black	NA	FALSE
EnhActAssayOnly	ENCFF836QBU.Score	FALSE	NA	sum	0	FALSE	RLF (ENCFF836QBU)	black	NA	FALSE
EnhActAssayOnly	ENCFF525FRL.Score	FALSE	NA	sum	0	FALSE	RNF2 (ENCFF525FRL)	black	NA	FALSE
EnhActAssayOnly	ENCFF846ICV.Score	FALSE	NA	sum	0	FALSE	RNF219 (ENCFF846ICV)	black	NA	FALSE
EnhActAssayOnly	ENCFF771IUF.Score	FALSE	NA	sum	0	FALSE	RREB1 (ENCFF771IUF)	black	NA	FALSE
EnhActAssayOnly	ENCFF896ZMR.Score	FALSE	NA	sum	0	FALSE	RUNX1 (ENCFF896ZMR)	black	NA	FALSE
EnhActAssayOnly	ENCFF742EUP.Score	FALSE	NA	sum	0	FALSE	SAFB (ENCFF742EUP)	black	NA	FALSE
EnhActAssayOnly	ENCFF232WQB.Score	FALSE	NA	sum	0	FALSE	SAFB2 (ENCFF232WQB)	black	NA	FALSE
EnhActAssayOnly	ENCFF297UZG.Score	FALSE	NA	sum	0	FALSE	SAP30 (ENCFF297UZG)	black	NA	FALSE
EnhActAssayOnly	ENCFF308HAE.Score	FALSE	NA	sum	0	FALSE	SETDB1 (ENCFF308HAE)	black	NA	FALSE
EnhActAssayOnly	ENCFF634HZE.Score	FALSE	NA	sum	0	FALSE	SFPQ (ENCFF634HZE)	black	NA	FALSE
EnhActAssayOnly	ENCFF839TDA.Score	FALSE	NA	sum	0	FALSE	SIN3A (ENCFF839TDA)	black	NA	FALSE
EnhActAssayOnly	ENCFF232ZWX.Score	FALSE	NA	sum	0	FALSE	SIRT6 (ENCFF232ZWX)	black	NA	FALSE
EnhActAssayOnly	ENCFF776XKT.Score	FALSE	NA	sum	0	FALSE	SIX5 (ENCFF776XKT)	black	NA	FALSE
EnhActAssayOnly	ENCFF791LWS.Score	FALSE	NA	sum	0	FALSE	SIX5 (ENCFF791LWS)	black	NA	FALSE
EnhActAssayOnly	ENCFF168RFW.Score	FALSE	NA	sum	0	FALSE	SKIL (ENCFF168RFW)	black	NA	FALSE
EnhActAssayOnly	ENCFF113UYA.Score	FALSE	NA	sum	0	FALSE	SLC30A9 (ENCFF113UYA)	black	NA	FALSE
EnhActAssayOnly	ENCFF606JZC.Score	FALSE	NA	sum	0	FALSE	SMAD1 (ENCFF606JZC)	black	NA	FALSE
EnhActAssayOnly	ENCFF462EFV.Score	FALSE	NA	sum	0	FALSE	SMAD2 (ENCFF462EFV)	black	NA	FALSE
EnhActAssayOnly	ENCFF340UYX.Score	FALSE	NA	sum	0	FALSE	SMAD3 (ENCFF340UYX)	black	NA	FALSE
EnhActAssayOnly	ENCFF292FXO.Score	FALSE	NA	sum	0	FALSE	SMAD4 (ENCFF292FXO)	black	NA	FALSE
EnhActAssayOnly	ENCFF564KHH.Score	FALSE	NA	sum	0	FALSE	SMAD5 (ENCFF564KHH)	black	NA	FALSE
EnhActAssayOnly	ENCFF356YEK.Score	FALSE	NA	sum	0	FALSE	SMARCA4 (ENCFF356YEK)	black	NA	FALSE
EnhActAssayOnly	ENCFF755OZB.Score	FALSE	NA	sum	0	FALSE	SMARCA5 (ENCFF755OZB)	black	NA	FALSE
EnhActAssayOnly	ENCFF987AMH.Score	FALSE	NA	sum	0	FALSE	SMARCB1 (ENCFF987AMH)	black	NA	FALSE
EnhActAssayOnly	ENCFF413XBM.Score	FALSE	NA	sum	0	FALSE	SMARCE1 (ENCFF413XBM)	black	NA	FALSE
EnhActAssayOnly	ENCFF195XTG.Score	FALSE	NA	sum	0	FALSE	SMC3 (ENCFF195XTG)	black	NA	FALSE
EnhActAssayOnly	ENCFF507VTU.Score	FALSE	NA	sum	0	FALSE	SNAPC5 (ENCFF507VTU)	black	NA	FALSE
EnhActAssayOnly	ENCFF822RZT.Score	FALSE	NA	sum	0	FALSE	SNIP1 (ENCFF822RZT)	black	NA	FALSE
EnhActAssayOnly	ENCFF911XTN.Score	FALSE	NA	sum	0	FALSE	SNRNP70 (ENCFF911XTN)	black	NA	FALSE
EnhActAssayOnly	ENCFF410ZSZ.Score	FALSE	NA	sum	0	FALSE	SOX6 (ENCFF410ZSZ)	black	NA	FALSE
EnhActAssayOnly	ENCFF946YDB.Score	FALSE	NA	sum	0	FALSE	SP1 (ENCFF946YDB)	black	NA	FALSE
EnhActAssayOnly	ENCFF104CLN.Score	FALSE	NA	sum	0	FALSE	SP2 (ENCFF104CLN)	black	NA	FALSE
EnhActAssayOnly	ENCFF454PTX.Score	FALSE	NA	sum	0	FALSE	SPI1 (ENCFF454PTX)	black	NA	FALSE
EnhActAssayOnly	ENCFF506BZC.Score	FALSE	NA	sum	0	FALSE	SREBF1 (ENCFF506BZC)	black	NA	FALSE
EnhActAssayOnly	ENCFF496CUM.Score	FALSE	NA	sum	0	FALSE	SREBF2 (ENCFF496CUM)	black	NA	FALSE
EnhActAssayOnly	ENCFF755AIR.Score	FALSE	NA	sum	0	FALSE	SRF (ENCFF755AIR)	black	NA	FALSE
EnhActAssayOnly	ENCFF451TMB.Score	FALSE	NA	sum	0	FALSE	SRSF1 (ENCFF451TMB)	black	NA	FALSE
EnhActAssayOnly	ENCFF147MBH.Score	FALSE	NA	sum	0	FALSE	SRSF3 (ENCFF147MBH)	black	NA	FALSE
EnhActAssayOnly	ENCFF239PLR.Score	FALSE	NA	sum	0	FALSE	SRSF7 (ENCFF239PLR)	black	NA	FALSE
EnhActAssayOnly	ENCFF713RTT.Score	FALSE	NA	sum	0	FALSE	SRSF9 (ENCFF713RTT)	black	NA	FALSE
EnhActAssayOnly	ENCFF744MWW.Score	FALSE	NA	sum	0	FALSE	STAG1 (ENCFF744MWW)	black	NA	FALSE
EnhActAssayOnly	ENCFF872DBX.Score	FALSE	NA	sum	0	FALSE	STAT5A (ENCFF872DBX)	black	NA	FALSE
EnhActAssayOnly	ENCFF791IAZ.Score	FALSE	NA	sum	0	FALSE	STAT5B (ENCFF791IAZ)	black	NA	FALSE
EnhActAssayOnly	ENCFF016RXT.Score	FALSE	NA	sum	0	FALSE	STAT6 (ENCFF016RXT)	black	NA	FALSE
EnhActAssayOnly	ENCFF114TAI.Score	FALSE	NA	sum	0	FALSE	SUPT5H (ENCFF114TAI)	black	NA	FALSE
EnhActAssayOnly	ENCFF792JOE.Score	FALSE	NA	sum	0	FALSE	SUZ12 (ENCFF792JOE)	black	NA	FALSE
EnhActAssayOnly	ENCFF159DIO.Score	FALSE	NA	sum	0	FALSE	TAF1 (ENCFF159DIO)	black	NA	FALSE
EnhActAssayOnly	ENCFF540MEH.Score	FALSE	NA	sum	0	FALSE	TAF15 (ENCFF540MEH)	black	NA	FALSE
EnhActAssayOnly	ENCFF963OIQ.Score	FALSE	NA	sum	0	FALSE	TAF7 (ENCFF963OIQ)	black	NA	FALSE
EnhActAssayOnly	ENCFF646DKE.Score	FALSE	NA	sum	0	FALSE	TAF9B (ENCFF646DKE)	black	NA	FALSE
EnhActAssayOnly	ENCFF192LPF.Score	FALSE	NA	sum	0	FALSE	TAL1 (ENCFF192LPF)	black	NA	FALSE
EnhActAssayOnly	ENCFF070ZYL.Score	FALSE	NA	sum	0	FALSE	TARDBP (ENCFF070ZYL)	black	NA	FALSE
EnhActAssayOnly	ENCFF760BRE.Score	FALSE	NA	sum	0	FALSE	TBL1XR1 (ENCFF760BRE)	black	NA	FALSE
EnhActAssayOnly	ENCFF384RKN.Score	FALSE	NA	sum	0	FALSE	TBL1XR1 (ENCFF384RKN)	black	NA	FALSE
EnhActAssayOnly	ENCFF487FOV.Score	FALSE	NA	sum	0	FALSE	TBPL1 (ENCFF487FOV)	black	NA	FALSE
EnhActAssayOnly	ENCFF445EJR.Score	FALSE	NA	sum	0	FALSE	TBX18 (ENCFF445EJR)	black	NA	FALSE
EnhActAssayOnly	ENCFF559CUP.Score	FALSE	NA	sum	0	FALSE	TCF12 (ENCFF559CUP)	black	NA	FALSE
EnhActAssayOnly	ENCFF887STT.Score	FALSE	NA	sum	0	FALSE	TCF15 (ENCFF887STT)	black	NA	FALSE
EnhActAssayOnly	ENCFF804BIU.Score	FALSE	NA	sum	0	FALSE	TCF3 (ENCFF804BIU)	black	NA	FALSE
EnhActAssayOnly	ENCFF607KZC.Score	FALSE	NA	sum	0	FALSE	TCF7 (ENCFF607KZC)	black	NA	FALSE
EnhActAssayOnly	ENCFF452DWF.Score	FALSE	NA	sum	0	FALSE	TCF7L2 (ENCFF452DWF)	black	NA	FALSE
EnhActAssayOnly	ENCFF966AXL.Score	FALSE	NA	sum	0	FALSE	TCFL5 (ENCFF966AXL)	black	NA	FALSE
EnhActAssayOnly	ENCFF039UUS.Score	FALSE	NA	sum	0	FALSE	TEAD1 (ENCFF039UUS)	black	NA	FALSE
EnhActAssayOnly	ENCFF982MYD.Score	FALSE	NA	sum	0	FALSE	TEAD2 (ENCFF982MYD)	black	NA	FALSE
EnhActAssayOnly	ENCFF482FPS.Score	FALSE	NA	sum	0	FALSE	TEAD4 (ENCFF482FPS)	black	NA	FALSE
EnhActAssayOnly	ENCFF454TDS.Score	FALSE	NA	sum	0	FALSE	TFAM (ENCFF454TDS)	black	NA	FALSE
EnhActAssayOnly	ENCFF504ZOL.Score	FALSE	NA	sum	0	FALSE	TFAP4 (ENCFF504ZOL)	black	NA	FALSE
EnhActAssayOnly	ENCFF990KOP.Score	FALSE	NA	sum	0	FALSE	TFCP2 (ENCFF990KOP)	black	NA	FALSE
EnhActAssayOnly	ENCFF817PNK.Score	FALSE	NA	sum	0	FALSE	TFDP1 (ENCFF817PNK)	black	NA	FALSE
EnhActAssayOnly	ENCFF213DZA.Score	FALSE	NA	sum	0	FALSE	TFE3 (ENCFF213DZA)	black	NA	FALSE
EnhActAssayOnly	ENCFF083FXT.Score	FALSE	NA	sum	0	FALSE	TGIF2 (ENCFF083FXT)	black	NA	FALSE
EnhActAssayOnly	ENCFF649LVU.Score	FALSE	NA	sum	0	FALSE	THAP1 (ENCFF649LVU)	black	NA	FALSE
EnhActAssayOnly	ENCFF730LUD.Score	FALSE	NA	sum	0	FALSE	THAP12 (ENCFF730LUD)	black	NA	FALSE
EnhActAssayOnly	ENCFF786OFR.Score	FALSE	NA	sum	0	FALSE	THAP7 (ENCFF786OFR)	black	NA	FALSE
EnhActAssayOnly	ENCFF109XXE.Score	FALSE	NA	sum	0	FALSE	THRA (ENCFF109XXE)	black	NA	FALSE
EnhActAssayOnly	ENCFF813RFE.Score	FALSE	NA	sum	0	FALSE	THRAP3 (ENCFF813RFE)	black	NA	FALSE
EnhActAssayOnly	ENCFF456QDR.Score	FALSE	NA	sum	0	FALSE	THRB (ENCFF456QDR)	black	NA	FALSE
EnhActAssayOnly	ENCFF567MMN.Score	FALSE	NA	sum	0	FALSE	TOE1 (ENCFF567MMN)	black	NA	FALSE
EnhActAssayOnly	ENCFF178GPZ.Score	FALSE	NA	sum	0	FALSE	TRIM24 (ENCFF178GPZ)	black	NA	FALSE
EnhActAssayOnly	ENCFF127IFV.Score	FALSE	NA	sum	0	FALSE	TRIM25 (ENCFF127IFV)	black	NA	FALSE
EnhActAssayOnly	ENCFF604DAI.Score	FALSE	NA	sum	0	FALSE	TRIM28 (ENCFF604DAI)	black	NA	FALSE
EnhActAssayOnly	ENCFF643MJS.Score	FALSE	NA	sum	0	FALSE	TRIP13 (ENCFF643MJS)	black	NA	FALSE
EnhActAssayOnly	ENCFF711TQM.Score	FALSE	NA	sum	0	FALSE	TSC22D4 (ENCFF711TQM)	black	NA	FALSE
EnhActAssayOnly	ENCFF119CQG.Score	FALSE	NA	sum	0	FALSE	TSHZ1 (ENCFF119CQG)	black	NA	FALSE
EnhActAssayOnly	ENCFF060WEG.Score	FALSE	NA	sum	0	FALSE	U2AF1 (ENCFF060WEG)	black	NA	FALSE
EnhActAssayOnly	ENCFF314TVD.Score	FALSE	NA	sum	0	FALSE	U2AF2 (ENCFF314TVD)	black	NA	FALSE
EnhActAssayOnly	ENCFF065DMZ.Score	FALSE	NA	sum	0	FALSE	UBTF (ENCFF065DMZ)	black	NA	FALSE
EnhActAssayOnly	ENCFF174FDL.Score	FALSE	NA	sum	0	FALSE	UBTF (ENCFF174FDL)	black	NA	FALSE
EnhActAssayOnly	ENCFF976XAV.Score	FALSE	NA	sum	0	FALSE	USF1 (ENCFF976XAV)	black	NA	FALSE
EnhActAssayOnly	ENCFF076CBD.Score	FALSE	NA	sum	0	FALSE	USF2 (ENCFF076CBD)	black	NA	FALSE
EnhActAssayOnly	ENCFF738YME.Score	FALSE	NA	sum	0	FALSE	XRCC3 (ENCFF738YME)	black	NA	FALSE
EnhActAssayOnly	ENCFF504FYN.Score	FALSE	NA	sum	0	FALSE	XRCC4 (ENCFF504FYN)	black	NA	FALSE
EnhActAssayOnly	ENCFF104ZCC.Score	FALSE	NA	sum	0	FALSE	XRCC5 (ENCFF104ZCC)	black	NA	FALSE
EnhActAssayOnly	ENCFF396KPM.Score	FALSE	NA	sum	0	FALSE	YBX1 (ENCFF396KPM)	black	NA	FALSE
EnhActAssayOnly	ENCFF711XOI.Score	FALSE	NA	sum	0	FALSE	YBX3 (ENCFF711XOI)	black	NA	FALSE
EnhActAssayOnly	ENCFF262FCO.Score	FALSE	NA	sum	0	FALSE	YY1 (ENCFF262FCO)	black	NA	FALSE
EnhActAssayOnly	ENCFF310KGC.Score	FALSE	NA	sum	0	FALSE	ZBED1 (ENCFF310KGC)	black	NA	FALSE
EnhActAssayOnly	ENCFF843MGE.Score	FALSE	NA	sum	0	FALSE	ZBTB1 (ENCFF843MGE)	black	NA	FALSE
EnhActAssayOnly	ENCFF557SIC.Score	FALSE	NA	sum	0	FALSE	ZBTB11 (ENCFF557SIC)	black	NA	FALSE
EnhActAssayOnly	ENCFF734WHU.Score	FALSE	NA	sum	0	FALSE	ZBTB12 (ENCFF734WHU)	black	NA	FALSE
EnhActAssayOnly	ENCFF097GUW.Score	FALSE	NA	sum	0	FALSE	ZBTB17 (ENCFF097GUW)	black	NA	FALSE
EnhActAssayOnly	ENCFF133RCA.Score	FALSE	NA	sum	0	FALSE	ZBTB2 (ENCFF133RCA)	black	NA	FALSE
EnhActAssayOnly	ENCFF413DWO.Score	FALSE	NA	sum	0	FALSE	ZBTB26 (ENCFF413DWO)	black	NA	FALSE
EnhActAssayOnly	ENCFF523LGV.Score	FALSE	NA	sum	0	FALSE	ZBTB33 (ENCFF523LGV)	black	NA	FALSE
EnhActAssayOnly	ENCFF048WKV.Score	FALSE	NA	sum	0	FALSE	ZBTB34 (ENCFF048WKV)	black	NA	FALSE
EnhActAssayOnly	ENCFF324XNN.Score	FALSE	NA	sum	0	FALSE	ZBTB40 (ENCFF324XNN)	black	NA	FALSE
EnhActAssayOnly	ENCFF881WUU.Score	FALSE	NA	sum	0	FALSE	ZBTB43 (ENCFF881WUU)	black	NA	FALSE
EnhActAssayOnly	ENCFF922QJN.Score	FALSE	NA	sum	0	FALSE	ZBTB49 (ENCFF922QJN)	black	NA	FALSE
EnhActAssayOnly	ENCFF836MOP.Score	FALSE	NA	sum	0	FALSE	ZBTB5 (ENCFF836MOP)	black	NA	FALSE
EnhActAssayOnly	ENCFF282QZM.Score	FALSE	NA	sum	0	FALSE	ZBTB7A (ENCFF282QZM)	black	NA	FALSE
EnhActAssayOnly	ENCFF719IXL.Score	FALSE	NA	sum	0	FALSE	ZBTB8A (ENCFF719IXL)	black	NA	FALSE
EnhActAssayOnly	ENCFF355MVO.Score	FALSE	NA	sum	0	FALSE	ZBTB9 (ENCFF355MVO)	black	NA	FALSE
EnhActAssayOnly	ENCFF173HHC.Score	FALSE	NA	sum	0	FALSE	ZC3H11A (ENCFF173HHC)	black	NA	FALSE
EnhActAssayOnly	ENCFF361YPL.Score	FALSE	NA	sum	0	FALSE	ZC3H4 (ENCFF361YPL)	black	NA	FALSE
EnhActAssayOnly	ENCFF824MGX.Score	FALSE	NA	sum	0	FALSE	ZC3H8 (ENCFF824MGX)	black	NA	FALSE
EnhActAssayOnly	ENCFF823UVX.Score	FALSE	NA	sum	0	FALSE	ZEB2 (ENCFF823UVX)	black	NA	FALSE
EnhActAssayOnly	ENCFF466KMN.Score	FALSE	NA	sum	0	FALSE	ZEB2 (ENCFF466KMN)	black	NA	FALSE
EnhActAssayOnly	ENCFF929SZU.Score	FALSE	NA	sum	0	FALSE	ZFP1 (ENCFF929SZU)	black	NA	FALSE
EnhActAssayOnly	ENCFF931CDL.Score	FALSE	NA	sum	0	FALSE	ZFP30 (ENCFF931CDL)	black	NA	FALSE
EnhActAssayOnly	ENCFF733SAW.Score	FALSE	NA	sum	0	FALSE	ZFP36 (ENCFF733SAW)	black	NA	FALSE
EnhActAssayOnly	ENCFF045CPR.Score	FALSE	NA	sum	0	FALSE	ZFP91 (ENCFF045CPR)	black	NA	FALSE
EnhActAssayOnly	ENCFF682EPC.Score	FALSE	NA	sum	0	FALSE	ZFPM2 (ENCFF682EPC)	black	NA	FALSE
EnhActAssayOnly	ENCFF472RDV.Score	FALSE	NA	sum	0	FALSE	ZFX (ENCFF472RDV)	black	NA	FALSE
EnhActAssayOnly	ENCFF928RRH.Score	FALSE	NA	sum	0	FALSE	ZKSCAN1 (ENCFF928RRH)	black	NA	FALSE
EnhActAssayOnly	ENCFF892VBK.Score	FALSE	NA	sum	0	FALSE	ZKSCAN3 (ENCFF892VBK)	black	NA	FALSE
EnhActAssayOnly	ENCFF451SZU.Score	FALSE	NA	sum	0	FALSE	ZKSCAN8 (ENCFF451SZU)	black	NA	FALSE
EnhActAssayOnly	ENCFF450HNA.Score	FALSE	NA	sum	0	FALSE	ZMIZ1 (ENCFF450HNA)	black	NA	FALSE
EnhActAssayOnly	ENCFF422FMG.Score	FALSE	NA	sum	0	FALSE	ZMYM3 (ENCFF422FMG)	black	NA	FALSE
EnhActAssayOnly	ENCFF616NVU.Score	FALSE	NA	sum	0	FALSE	ZNF12 (ENCFF616NVU)	black	NA	FALSE
EnhActAssayOnly	ENCFF166PFP.Score	FALSE	NA	sum	0	FALSE	ZNF121 (ENCFF166PFP)	black	NA	FALSE
EnhActAssayOnly	ENCFF323QBP.Score	FALSE	NA	sum	0	FALSE	ZNF124 (ENCFF323QBP)	black	NA	FALSE
EnhActAssayOnly	ENCFF237PCW.Score	FALSE	NA	sum	0	FALSE	ZNF133 (ENCFF237PCW)	black	NA	FALSE
EnhActAssayOnly	ENCFF168SQF.Score	FALSE	NA	sum	0	FALSE	ZNF134 (ENCFF168SQF)	black	NA	FALSE
EnhActAssayOnly	ENCFF127ZFB.Score	FALSE	NA	sum	0	FALSE	ZNF140 (ENCFF127ZFB)	black	NA	FALSE
EnhActAssayOnly	ENCFF046EEC.Score	FALSE	NA	sum	0	FALSE	ZNF143 (ENCFF046EEC)	black	NA	FALSE
EnhActAssayOnly	ENCFF645RXO.Score	FALSE	NA	sum	0	FALSE	ZNF165 (ENCFF645RXO)	black	NA	FALSE
EnhActAssayOnly	ENCFF142ZTA.Score	FALSE	NA	sum	0	FALSE	ZNF174 (ENCFF142ZTA)	black	NA	FALSE
EnhActAssayOnly	ENCFF734VLD.Score	FALSE	NA	sum	0	FALSE	ZNF175 (ENCFF734VLD)	black	NA	FALSE
EnhActAssayOnly	ENCFF797UAC.Score	FALSE	NA	sum	0	FALSE	ZNF184 (ENCFF797UAC)	black	NA	FALSE
EnhActAssayOnly	ENCFF659REL.Score	FALSE	NA	sum	0	FALSE	ZNF197 (ENCFF659REL)	black	NA	FALSE
EnhActAssayOnly	ENCFF177ZGT.Score	FALSE	NA	sum	0	FALSE	ZNF212 (ENCFF177ZGT)	black	NA	FALSE
EnhActAssayOnly	ENCFF575DRL.Score	FALSE	NA	sum	0	FALSE	ZNF215 (ENCFF575DRL)	black	NA	FALSE
EnhActAssayOnly	ENCFF726XPP.Score	FALSE	NA	sum	0	FALSE	ZNF217 (ENCFF726XPP)	black	NA	FALSE
EnhActAssayOnly	ENCFF199WWA.Score	FALSE	NA	sum	0	FALSE	ZNF224 (ENCFF199WWA)	black	NA	FALSE
EnhActAssayOnly	ENCFF276GYC.Score	FALSE	NA	sum	0	FALSE	ZNF23 (ENCFF276GYC)	black	NA	FALSE
EnhActAssayOnly	ENCFF270VFH.Score	FALSE	NA	sum	0	FALSE	ZNF232 (ENCFF270VFH)	black	NA	FALSE
EnhActAssayOnly	ENCFF921HZK.Score	FALSE	NA	sum	0	FALSE	ZNF239 (ENCFF921HZK)	black	NA	FALSE
EnhActAssayOnly	ENCFF604ALM.Score	FALSE	NA	sum	0	FALSE	ZNF24 (ENCFF604ALM)	black	NA	FALSE
EnhActAssayOnly	ENCFF838VQQ.Score	FALSE	NA	sum	0	FALSE	ZNF253 (ENCFF838VQQ)	black	NA	FALSE
EnhActAssayOnly	ENCFF709XAH.Score	FALSE	NA	sum	0	FALSE	ZNF263 (ENCFF709XAH)	black	NA	FALSE
EnhActAssayOnly	ENCFF740CGF.Score	FALSE	NA	sum	0	FALSE	ZNF274 (ENCFF740CGF)	black	NA	FALSE
EnhActAssayOnly	ENCFF149FMO.Score	FALSE	NA	sum	0	FALSE	ZNF274 (ENCFF149FMO)	black	NA	FALSE
EnhActAssayOnly	ENCFF276WTB.Score	FALSE	NA	sum	0	FALSE	ZNF277 (ENCFF276WTB)	black	NA	FALSE
EnhActAssayOnly	ENCFF306CEZ.Score	FALSE	NA	sum	0	FALSE	ZNF280A (ENCFF306CEZ)	black	NA	FALSE
EnhActAssayOnly	ENCFF134GAS.Score	FALSE	NA	sum	0	FALSE	ZNF280B (ENCFF134GAS)	black	NA	FALSE
EnhActAssayOnly	ENCFF027JFX.Score	FALSE	NA	sum	0	FALSE	ZNF281 (ENCFF027JFX)	black	NA	FALSE
EnhActAssayOnly	ENCFF655AJV.Score	FALSE	NA	sum	0	FALSE	ZNF282 (ENCFF655AJV)	black	NA	FALSE
EnhActAssayOnly	ENCFF315WYI.Score	FALSE	NA	sum	0	FALSE	ZNF3 (ENCFF315WYI)	black	NA	FALSE
EnhActAssayOnly	ENCFF262KUW.Score	FALSE	NA	sum	0	FALSE	ZNF311 (ENCFF262KUW)	black	NA	FALSE
EnhActAssayOnly	ENCFF268FQU.Score	FALSE	NA	sum	0	FALSE	ZNF316 (ENCFF268FQU)	black	NA	FALSE
EnhActAssayOnly	ENCFF797GWF.Score	FALSE	NA	sum	0	FALSE	ZNF317 (ENCFF797GWF)	black	NA	FALSE
EnhActAssayOnly	ENCFF858YUM.Score	FALSE	NA	sum	0	FALSE	ZNF318 (ENCFF858YUM)	black	NA	FALSE
EnhActAssayOnly	ENCFF698HMR.Score	FALSE	NA	sum	0	FALSE	ZNF319 (ENCFF698HMR)	black	NA	FALSE
EnhActAssayOnly	ENCFF942IOR.Score	FALSE	NA	sum	0	FALSE	ZNF324 (ENCFF942IOR)	black	NA	FALSE
EnhActAssayOnly	ENCFF521GKP.Score	FALSE	NA	sum	0	FALSE	ZNF347 (ENCFF521GKP)	black	NA	FALSE
EnhActAssayOnly	ENCFF834HCS.Score	FALSE	NA	sum	0	FALSE	ZNF354B (ENCFF834HCS)	black	NA	FALSE
EnhActAssayOnly	ENCFF112FXW.Score	FALSE	NA	sum	0	FALSE	ZNF354C (ENCFF112FXW)	black	NA	FALSE
EnhActAssayOnly	ENCFF814TQT.Score	FALSE	NA	sum	0	FALSE	ZNF384 (ENCFF814TQT)	black	NA	FALSE
EnhActAssayOnly	ENCFF462ZMO.Score	FALSE	NA	sum	0	FALSE	ZNF397 (ENCFF462ZMO)	black	NA	FALSE
EnhActAssayOnly	ENCFF083LUQ.Score	FALSE	NA	sum	0	FALSE	ZNF398 (ENCFF083LUQ)	black	NA	FALSE
EnhActAssayOnly	ENCFF647KMP.Score	FALSE	NA	sum	0	FALSE	ZNF407 (ENCFF647KMP)	black	NA	FALSE
EnhActAssayOnly	ENCFF812RAH.Score	FALSE	NA	sum	0	FALSE	ZNF408 (ENCFF812RAH)	black	NA	FALSE
EnhActAssayOnly	ENCFF829VKK.Score	FALSE	NA	sum	0	FALSE	ZNF41 (ENCFF829VKK)	black	NA	FALSE
EnhActAssayOnly	ENCFF961LTP.Score	FALSE	NA	sum	0	FALSE	ZNF431 (ENCFF961LTP)	black	NA	FALSE
EnhActAssayOnly	ENCFF987PBU.Score	FALSE	NA	sum	0	FALSE	ZNF444 (ENCFF987PBU)	black	NA	FALSE
EnhActAssayOnly	ENCFF725CGC.Score	FALSE	NA	sum	0	FALSE	ZNF445 (ENCFF725CGC)	black	NA	FALSE
EnhActAssayOnly	ENCFF256MXW.Score	FALSE	NA	sum	0	FALSE	ZNF449 (ENCFF256MXW)	black	NA	FALSE
EnhActAssayOnly	ENCFF025OFN.Score	FALSE	NA	sum	0	FALSE	ZNF507 (ENCFF025OFN)	black	NA	FALSE
EnhActAssayOnly	ENCFF835KBG.Score	FALSE	NA	sum	0	FALSE	ZNF511 (ENCFF835KBG)	black	NA	FALSE
EnhActAssayOnly	ENCFF702BPM.Score	FALSE	NA	sum	0	FALSE	ZNF512 (ENCFF702BPM)	black	NA	FALSE
EnhActAssayOnly	ENCFF955VBS.Score	FALSE	NA	sum	0	FALSE	ZNF518B (ENCFF955VBS)	black	NA	FALSE
EnhActAssayOnly	ENCFF486IHY.Score	FALSE	NA	sum	0	FALSE	ZNF551 (ENCFF486IHY)	black	NA	FALSE
EnhActAssayOnly	ENCFF562KPB.Score	FALSE	NA	sum	0	FALSE	ZNF561 (ENCFF562KPB)	black	NA	FALSE
EnhActAssayOnly	ENCFF931BAS.Score	FALSE	NA	sum	0	FALSE	ZNF57 (ENCFF931BAS)	black	NA	FALSE
EnhActAssayOnly	ENCFF900JHX.Score	FALSE	NA	sum	0	FALSE	ZNF583 (ENCFF900JHX)	black	NA	FALSE
EnhActAssayOnly	ENCFF667TED.Score	FALSE	NA	sum	0	FALSE	ZNF584 (ENCFF667TED)	black	NA	FALSE
EnhActAssayOnly	ENCFF112QLJ.Score	FALSE	NA	sum	0	FALSE	ZNF586 (ENCFF112QLJ)	black	NA	FALSE
EnhActAssayOnly	ENCFF350KDW.Score	FALSE	NA	sum	0	FALSE	ZNF589 (ENCFF350KDW)	black	NA	FALSE
EnhActAssayOnly	ENCFF945ZNU.Score	FALSE	NA	sum	0	FALSE	ZNF592 (ENCFF945ZNU)	black	NA	FALSE
EnhActAssayOnly	ENCFF340BWB.Score	FALSE	NA	sum	0	FALSE	ZNF609 (ENCFF340BWB)	black	NA	FALSE
EnhActAssayOnly	ENCFF158ROF.Score	FALSE	NA	sum	0	FALSE	ZNF639 (ENCFF158ROF)	black	NA	FALSE
EnhActAssayOnly	ENCFF290BLI.Score	FALSE	NA	sum	0	FALSE	ZNF644 (ENCFF290BLI)	black	NA	FALSE
EnhActAssayOnly	ENCFF514LHW.Score	FALSE	NA	sum	0	FALSE	ZNF655 (ENCFF514LHW)	black	NA	FALSE
EnhActAssayOnly	ENCFF910AEY.Score	FALSE	NA	sum	0	FALSE	ZNF695 (ENCFF910AEY)	black	NA	FALSE
EnhActAssayOnly	ENCFF213TDR.Score	FALSE	NA	sum	0	FALSE	ZNF696 (ENCFF213TDR)	black	NA	FALSE
EnhActAssayOnly	ENCFF465ZVU.Score	FALSE	NA	sum	0	FALSE	ZNF699 (ENCFF465ZVU)	black	NA	FALSE
EnhActAssayOnly	ENCFF574JUT.Score	FALSE	NA	sum	0	FALSE	ZNF7 (ENCFF574JUT)	black	NA	FALSE
EnhActAssayOnly	ENCFF683YUW.Score	FALSE	NA	sum	0	FALSE	ZNF700 (ENCFF683YUW)	black	NA	FALSE
EnhActAssayOnly	ENCFF680JUW.Score	FALSE	NA	sum	0	FALSE	ZNF707 (ENCFF680JUW)	black	NA	FALSE
EnhActAssayOnly	ENCFF233MEN.Score	FALSE	NA	sum	0	FALSE	ZNF717 (ENCFF233MEN)	black	NA	FALSE
EnhActAssayOnly	ENCFF351XOP.Score	FALSE	NA	sum	0	FALSE	ZNF740 (ENCFF351XOP)	black	NA	FALSE
EnhActAssayOnly	ENCFF871AGN.Score	FALSE	NA	sum	0	FALSE	ZNF75A (ENCFF871AGN)	black	NA	FALSE
EnhActAssayOnly	ENCFF743DYJ.Score	FALSE	NA	sum	0	FALSE	ZNF76 (ENCFF743DYJ)	black	NA	FALSE
EnhActAssayOnly	ENCFF157PRQ.Score	FALSE	NA	sum	0	FALSE	ZNF764 (ENCFF157PRQ)	black	NA	FALSE
EnhActAssayOnly	ENCFF632UFV.Score	FALSE	NA	sum	0	FALSE	ZNF766 (ENCFF632UFV)	black	NA	FALSE
EnhActAssayOnly	ENCFF731DNH.Score	FALSE	NA	sum	0	FALSE	ZNF77 (ENCFF731DNH)	black	NA	FALSE
EnhActAssayOnly	ENCFF457KPF.Score	FALSE	NA	sum	0	FALSE	ZNF778 (ENCFF457KPF)	black	NA	FALSE
EnhActAssayOnly	ENCFF629TPH.Score	FALSE	NA	sum	0	FALSE	ZNF780A (ENCFF629TPH)	black	NA	FALSE
EnhActAssayOnly	ENCFF735BBD.Score	FALSE	NA	sum	0	FALSE	ZNF785 (ENCFF735BBD)	black	NA	FALSE
EnhActAssayOnly	ENCFF783KGD.Score	FALSE	NA	sum	0	FALSE	ZNF79 (ENCFF783KGD)	black	NA	FALSE
EnhActAssayOnly	ENCFF293VHR.Score	FALSE	NA	sum	0	FALSE	ZNF83 (ENCFF293VHR)	black	NA	FALSE
EnhActAssayOnly	ENCFF277ZZS.Score	FALSE	NA	sum	0	FALSE	ZNF830 (ENCFF277ZZS)	black	NA	FALSE
EnhActAssayOnly	ENCFF684HKV.Score	FALSE	NA	sum	0	FALSE	ZNF84 (ENCFF684HKV)	black	NA	FALSE
EnhActAssayOnly	ENCFF544DIX.Score	FALSE	NA	sum	0	FALSE	ZSCAN29 (ENCFF544DIX)	black	NA	FALSE
EnhActAssayOnly	ENCFF241OJG.Score	FALSE	NA	sum	0	FALSE	ZSCAN32 (ENCFF241OJG)	black	NA	FALSE
EnhActAssayOnly	ENCFF708DPP.Score	FALSE	NA	sum	0	FALSE	ZZZ3 (ENCFF708DPP)	black	NA	FALSE
EnhActAssayOnly	ENCFF380OSV.Score	FALSE	NA	sum	0	FALSE	ATAC-seq (ENCFF380OSV)	black	NA	FALSE
EnhActAssayOnly	ENCFF892FEF.Score	FALSE	NA	sum	0	FALSE	ATAC-seq (ENCFF892FEF)	black	NA	FALSE
